team__displayName,team__abbrName,team__logoId,team__logo,player__position,player__rosterId,player__fullName,player__yearsPro,player__injuryLength,player__portraitId,player__jerseyNum,gamesPlayed,fantasy_points,recTotalCatches,recAvgCatchPct,recTotalDrops,recTotalLongest,recTotalTDs,recTotalYdsAfterCatch,recTotalYds,recAvgYacPerCatch,recAvgYdsPerCatch,recAvgYdsPerGame
49ers,SF,14,,WR,553388059,Ricky Pearsall,1,0,10206,1,1,2.20,3,60.00,2,9,0,5,22,1.67,7.33,40.00
49ers,SF,14,,TE,553388664,Jake Tonges,3,0,10469,88,1,1.20,2,100.00,0,6,0,11,12,5.50,6.00,8.33
49ers,SF,14,,WR,553386014,Brandon Aiyuk,5,0,71,11,1,8.30,3,100.00,0,13,1,12,23,4.00,7.67,34.33
49ers,SF,14,,WR,553387316,Jauan Jennings,5,0,391,15,1,5.70,3,100.00,0,34,0,31,57,10.33,19.00,52.33
49ers,SF,14,,HB,553387697,Christian McCaffrey,8,0,8655,23,1,3.10,4,80.00,1,16,0,44,31,11.00,7.75,29.00
49ers,SF,14,,TE,553387484,George Kittle,8,0,8622,85,1,4.20,3,75.00,1,34,0,17,42,5.67,14.00,54.67
49ers,SF,14,,FB,553387434,Kyle Juszczyk,12,0,6869,44,1,0.70,1,100.00,0,7,0,0,7,0.00,7.00,9.67
Bears,CHI,0,,TE,553387613,Colston Loveland,0,0,10639,84,1,2.30,3,100.00,0,16,0,7,23,2.33,7.67,46.50
Bears,CHI,0,,WR,553388591,Jahdae Walker,0,0,0,20,1,1.90,1,100.00,0,19,0,1,19,1.00,19.00,10.50
Bears,CHI,0,,WR,553386352,Luther Burden III,0,0,10510,10,1,1.20,1,33.33,2,12,0,3,12,3.00,12.00,42.50
Bears,CHI,0,,WR,553387964,Rome Odunze,1,0,10199,15,1,3.50,3,100.00,0,19,0,6,35,2.00,11.67,54.00
Bears,CHI,0,,TE,553387486,Cole Kmet,5,0,711,85,1,5.70,3,100.00,0,39,0,59,57,19.67,19.00,18.75
Bears,CHI,0,,HB,553388560,D'Andre Swift,5,0,599,4,1,1.10,4,100.00,0,4,0,12,11,3.00,2.75,21.00
Bears,CHI,0,,WR,553387844,DJ Moore,7,0,8995,2,1,11.80,5,100.00,0,19,1,15,58,3.00,11.60,46.50
Bears,CHI,0,,TE,553388468,Durham Smythe,7,0,9064,81,1,0.60,1,100.00,0,6,0,0,6,0.00,6.00,1.50
Bengals,CIN,1,,WR,553387243,Andrei Iosivas,2,0,2229,80,1,17.20,9,90.00,1,26,1,38,112,4.22,12.44,62.33
Bengals,CIN,1,,HB,553386312,Chase Brown,2,0,1827,30,1,3.70,7,100.00,0,9,0,36,37,5.14,5.29,23.00
Bengals,CIN,1,,WR,553388648,Mitchell Tinsley,2,0,10976,82,1,1.40,1,100.00,0,14,0,5,14,5.00,14.00,4.67
Bengals,CIN,1,,WR,553386439,Ja'Marr Chase,4,0,1370,1,1,19.60,5,100.00,0,34,2,14,76,2.80,15.20,94.67
Bengals,CIN,1,,WR,553387141,Tee Higgins,5,0,351,5,1,2.00,3,100.00,0,14,0,5,20,1.67,6.67,28.00
Bengals,CIN,1,,TE,553386900,Mike Gesicki,7,0,8900,88,1,13.80,13,86.67,2,29,0,39,138,3.00,10.62,74.33
Bengals,CIN,1,,HB,553388076,Samaje Perine,9,0,8685,34,1,0.60,1,100.00,0,6,0,1,6,1.00,6.00,4.33
Bills,BUF,2,,TE,553387082,Jackson Hawes,0,0,10581,85,1,0.20,1,100.00,0,2,0,2,2,2.00,2.00,0.67
Bills,BUF,2,,WR,553386482,Keon Coleman,1,0,10038,0,1,2.20,2,100.00,0,15,0,7,22,3.50,11.00,52.67
Bills,BUF,2,,TE,553387469,Dalton Kincaid,2,0,2277,86,1,2.60,4,100.00,0,8,0,7,26,1.75,6.50,43.67
Bills,BUF,2,,HB,553386505,James Cook III,3,0,1304,4,1,4.40,6,100.00,0,15,0,34,44,5.67,7.33,19.00
Bills,BUF,2,,WR,553388365,Khalil Shakir,3,0,1942,10,1,0.30,2,66.67,1,6,0,8,3,4.00,1.50,40.67
Bills,BUF,2,,WR,553387845,Elijah Moore,4,0,1162,18,1,2.00,1,100.00,0,20,0,8,20,8.00,20.00,6.67
Bills,BUF,2,,WR,553388030,Joshua Palmer,4,0,1248,5,1,4.80,6,100.00,0,17,0,10,48,1.67,8.00,60.33
Bills,BUF,2,,FB,553386912,Reggie Gilliam,5,0,1432,41,1,1.50,2,100.00,0,14,0,12,15,6.00,7.50,13.67
Bills,BUF,2,,TE,553387492,Dawson Knox,6,0,9546,88,1,0.20,1,100.00,0,2,0,0,2,0.00,2.00,35.33
Broncos,DEN,3,,WR,553386343,Pat Bryant,0,0,10507,13,1,11.50,3,100.00,0,44,1,5,55,1.67,18.33,26.00
Broncos,DEN,3,,HB,553387072,RJ Harvey,0,0,10579,12,1,8.60,4,100.00,0,10,1,23,26,5.75,6.50,40.00
Broncos,DEN,3,,WR,553387811,Marvin Mims Jr,2,0,2312,19,1,3.60,3,75.00,1,18,0,13,36,4.33,12.00,39.33
Broncos,DEN,3,,FB,553388132,Adam Prentice,4,0,1016,46,1,0.30,2,100.00,0,3,0,3,3,1.50,1.50,1.00
Broncos,DEN,3,,TE,553388679,Adam Trautman,5,0,622,82,1,1.00,2,66.67,1,6,0,1,10,0.50,5.00,3.33
Broncos,DEN,3,,HB,553386652,J.K. Dobbins,5,0,257,27,1,0.80,1,100.00,0,8,0,7,8,7.00,8.00,2.67
Broncos,DEN,3,,WR,553388553,Courtland Sutton,7,0,9072,14,1,2.40,4,100.00,0,10,0,6,24,1.50,6.00,40.33
Broncos,DEN,3,,TE,553386741,Evan Engram,8,0,8545,1,1,0.90,2,100.00,0,5,0,1,9,0.50,4.50,22.00
Browns,CLE,4,,WR,553389133,Isaiah Bond,0,0,10494,16,1,7.20,1,100.00,0,72,0,11,72,11.00,72.00,59.25
Browns,CLE,4,,HB,553387429,Quinshon Judkins,0,0,10618,10,1,0.30,2,100.00,0,4,0,9,3,4.50,1.50,0.75
Browns,CLE,4,,WR,553388645,Cedric Tillman,2,0,2426,19,1,9.00,1,100.00,0,30,1,0,30,0.00,30.00,10.50
Browns,CLE,4,,WR,553387319,Jerry Jeudy,5,0,392,3,1,1.90,3,100.00,0,12,0,3,19,1.00,6.33,60.25
Browns,CLE,4,,TE,553387939,David Njoku,8,0,8674,85,1,0.50,2,100.00,0,9,0,13,5,6.50,2.50,32.75
Buccaneers,TB,5,,WR,553386714,Emeka Egbuka,0,0,10542,2,1,14.20,8,88.89,1,21,1,17,82,2.12,10.25,85.67
Buccaneers,TB,5,,HB,553387244,Bucky Irving,1,0,10113,7,1,1.40,4,100.00,0,6,0,22,14,5.50,3.50,29.67
Buccaneers,TB,5,,WR,553387758,Jalen McMillan,1,0,10176,11,1,9.80,1,100.00,0,38,1,0,38,0.00,38.00,15.00
Buccaneers,TB,5,,TE,553388017,Cade Otton,3,0,1872,88,1,3.10,2,100.00,0,20,0,26,31,13.00,15.50,49.00
Buccaneers,TB,5,,WR,553386928,Chris Godwin Jr,8,0,8567,14,1,7.90,4,100.00,0,8,1,4,19,1.00,4.75,26.00
Buccaneers,TB,5,,WR,553386757,Mike Evans,11,0,6407,13,1,14.90,2,100.00,0,74,1,69,89,34.50,44.50,66.00
Cardinals,ARI,6,,WR,553387062,Marvin Harrison Jr,1,0,10102,18,1,18.50,5,100.00,0,76,1,65,125,13.00,25.00,79.25
Cardinals,ARI,6,,TE,553387139,Elijah Higgins,2,0,2209,84,1,1.10,2,100.00,0,6,0,2,11,1.00,5.50,5.00
Cardinals,ARI,6,,WR,553388926,Michael Wilson,2,0,2480,14,1,5.50,5,100.00,0,22,0,24,55,4.80,11.00,47.25
Cardinals,ARI,6,,TE,553387696,Trey McBride,3,0,1830,85,1,0.80,2,100.00,0,7,0,2,8,1.00,4.00,44.75
Cardinals,ARI,6,,HB,553386498,James Conner,8,0,8515,6,1,3.10,5,100.00,0,12,0,51,31,10.20,6.20,21.50
Cardinals,ARI,6,,WR,553387417,Zay Jones,8,0,8611,17,1,16.80,8,100.00,0,27,1,26,108,3.25,13.50,69.50
Chargers,LAC,7,,HB,553387024,Omarion Hampton,0,0,10572,8,1,3.00,4,80.00,1,11,0,42,30,10.50,7.50,35.67
Chargers,LAC,7,,TE,553386871,Oronde Gadsden,0,0,10558,86,1,6.50,5,100.00,0,22,0,24,65,4.80,13.00,39.00
Chargers,LAC,7,,WR,553387060,Tre' Harris,0,0,10578,9,1,6.50,5,71.43,2,34,0,8,65,1.60,13.00,41.33
Chargers,LAC,7,,WR,553387710,Ladd McConkey,1,0,10169,15,1,8.50,2,66.67,1,21,1,17,25,8.50,12.50,48.00
Chargers,LAC,7,,FB,553386214,Khari Blasingame,6,0,100,31,1,2.00,1,100.00,0,20,0,17,20,17.00,20.00,9.67
Chargers,LAC,7,,TE,553386494,Tyler Conklin,7,0,8852,83,1,6.30,1,100.00,0,3,1,1,3,1.00,3.00,21.00
Chargers,LAC,7,,WR,553386035,Keenan Allen,12,0,5654,13,1,7.00,6,100.00,0,23,0,15,70,2.50,11.67,56.67
Chiefs,KC,8,,HB,553388431,Brashard Smith,0,0,10735,24,1,0.90,2,100.00,0,5,0,7,9,3.50,4.50,10.00
Chiefs,KC,8,,WR,553388289,Jalen Royals,0,0,10714,11,1,2.60,3,75.00,1,12,0,4,26,1.33,8.67,26.33
Chiefs,KC,8,,WR,553388975,Xavier Worthy,1,0,10305,1,1,6.20,5,100.00,0,15,0,32,62,6.40,12.40,58.33
Chiefs,KC,8,,WR,553388213,Rashee Rice,2,0,2366,4,1,1.90,4,80.00,1,10,0,2,19,0.50,4.75,47.67
Chiefs,KC,8,,HB,553388027,Isiah Pacheco,3,0,1875,10,1,-0.70,3,100.00,0,0,0,5,-7,1.67,-2.33,26.00
Chiefs,KC,8,,TE,553387450,Travis Kelce,12,0,5920,87,1,5.20,6,100.00,0,16,0,26,52,4.33,8.67,31.67
Colts,IND,9,,TE,553388797,Tyler Warren,0,0,10769,84,1,2.20,3,100.00,0,9,0,17,22,5.67,7.33,36.67
Colts,IND,9,,WR,553386669,Josh Downs,2,0,2117,1,1,1.50,2,100.00,0,10,0,6,15,3.00,7.50,43.67
Colts,IND,9,,WR,553388099,Alec Pierce,3,0,1890,14,1,5.50,7,100.00,0,11,0,24,55,3.43,7.86,65.33
Colts,IND,9,,HB,553388580,Jonathan Taylor,5,0,604,28,1,7.70,11,100.00,0,12,0,84,77,7.64,7.00,45.67
Colts,IND,9,,WR,553388110,Michael Pittman Jr,5,0,532,11,1,14.80,3,75.00,1,73,1,58,88,19.33,29.33,69.67
Colts,IND,9,,TE,553386025,Mo Alie-Cox,7,0,9697,81,1,1.60,1,100.00,0,16,0,12,16,12.00,16.00,9.33
Commanders,WAS,25,,HB,553386537,Jacory Croskey-Merritt,0,0,11008,22,1,6.00,5,83.33,1,25,0,42,60,8.40,12.00,60.33
Commanders,WAS,25,,WR,553387531,Jaylin Lane,0,0,10633,83,1,3.30,5,100.00,0,10,0,21,33,4.20,6.60,32.00
Commanders,WAS,25,,WR,553388314,Deebo Samuel Sr,6,0,9618,1,1,7.40,5,71.43,2,21,0,31,74,6.20,14.80,67.33
Commanders,WAS,25,,WR,553387750,Terry McLaurin,6,0,9567,17,1,5.20,6,85.71,1,18,0,21,52,3.50,8.67,37.67
Commanders,WAS,25,,TE,553386746,Zach Ertz,12,0,5790,86,1,2.50,2,100.00,0,20,0,3,25,1.50,12.50,29.67
Cowboys,DAL,10,,HB,553386217,Jaydon Blue,0,0,10493,23,1,2.00,2,100.00,0,14,0,13,20,6.50,10.00,13.00
Cowboys,DAL,10,,TE,553388340,Luke Schoonmaker,2,0,2384,86,1,-0.10,1,100.00,0,0,0,1,-1,1.00,-1.00,5.00
Cowboys,DAL,10,,WR,553388096,George Pickens,3,0,1888,3,1,7.40,6,85.71,1,40,0,62,74,10.33,12.33,57.67
Cowboys,DAL,10,,TE,553386794,Jake Ferguson,3,0,1577,87,1,8.30,10,100.00,0,16,0,26,83,2.60,8.30,70.67
Cowboys,DAL,10,,WR,553388654,Jalen Tolbert,3,0,1987,1,1,0.70,2,100.00,0,7,0,0,7,0.00,3.50,28.00
Cowboys,DAL,10,,HB,553388886,Javonte Williams,4,0,1118,33,1,5.40,4,100.00,0,31,0,60,54,15.00,13.50,27.67
Cowboys,DAL,10,,WR,553387519,CeeDee Lamb,5,0,418,88,1,14.80,11,100.00,0,29,0,38,148,3.45,13.45,83.67
Dolphins,MIA,11,,TE,553389037,Jalin Conyers,0,0,10525,81,1,0.50,1,100.00,0,5,0,3,5,3.00,5.00,1.67
Dolphins,MIA,11,,WR,553389101,Xavier Restrepo,0,0,10704,87,1,3.70,5,100.00,0,11,0,16,37,3.20,7.40,28.00
Dolphins,MIA,11,,HB,553385991,De'Von Achane,2,0,676,28,1,2.40,3,100.00,0,10,0,33,24,11.00,8.00,27.33
Dolphins,MIA,11,,WR,553386663,Romeo Doubs,3,0,1471,7,1,6.50,4,100.00,0,32,0,16,65,4.00,16.25,46.00
Dolphins,MIA,11,,WR,553388756,Jaylen Waddle,4,0,1374,17,1,1.00,2,100.00,0,5,0,5,10,2.50,5.00,23.00
Eagles,PHI,12,,HB,553386198,Tank Bigsby,2,0,2539,37,1,0.90,1,100.00,0,9,0,14,9,14.00,9.00,3.00
Eagles,PHI,12,,WR,553388435,DeVonta Smith,4,0,1369,6,1,9.20,3,100.00,0,19,1,13,32,4.33,10.67,42.67
Eagles,PHI,12,,TE,553386956,Kylen Granson,4,0,1383,83,1,0.90,2,100.00,0,5,0,2,9,1.00,4.50,8.67
Eagles,PHI,12,,WR,553386305,A.J. Brown,6,0,9397,11,1,13.00,2,66.67,1,65,1,44,70,22.00,35.00,63.67
Eagles,PHI,12,,TE,553386930,Dallas Goedert,7,0,8901,88,1,0.40,1,100.00,0,4,0,2,4,2.00,4.00,13.33
Eagles,PHI,12,,HB,553386125,Saquon Barkley,7,0,8813,26,1,0.60,2,100.00,0,6,0,3,6,1.50,3.00,43.33
Falcons,ATL,13,,WR,553388117,Ja'Lynn Polk,1,0,10210,83,1,0.10,1,100.00,0,1,0,0,1,0.00,1.00,5.00
Falcons,ATL,13,,HB,553388243,Bijan Robinson,2,0,2613,7,1,0.60,1,100.00,0,6,0,9,6,9.00,6.00,30.67
Falcons,ATL,13,,WR,553387601,Drake London,3,0,1813,5,1,2.80,4,80.00,1,12,0,8,28,2.00,7.00,39.00
Falcons,ATL,13,,FB,553387194,Zander Horvath,3,0,2533,26,1,-0.30,1,100.00,0,0,0,0,-3,0.00,-3.00,6.33
Falcons,ATL,13,,TE,553388113,Kyle Pitts Sr,4,0,1375,8,1,5.40,3,100.00,0,29,0,7,54,2.33,18.00,43.00
Falcons,ATL,13,,TE,553388952,Charlie Woerner,5,0,683,89,1,0.90,1,100.00,0,9,0,0,9,0.00,9.00,5.00
Falcons,ATL,13,,WR,553387838,Darnell Mooney,5,0,469,1,1,4.80,6,100.00,0,10,0,26,48,4.33,8.00,42.00
Giants,NYG,15,,WR,553387906,Malik Nabers,1,0,10192,1,1,9.90,3,100.00,0,57,0,57,99,19.00,33.00,145.00
Giants,NYG,15,,TE,553387360,Theo Johnson,1,0,10130,84,1,0.00,0,0.00,1,0,0,0,0,0.00,0.00,10.67
Giants,NYG,15,,HB,553388673,Tyrone Tracy Jr,1,0,10268,29,1,1.50,2,100.00,0,11,0,18,15,9.00,7.50,8.33
Giants,NYG,15,,WR,553386828,Bryce Ford-Wheaton,2,0,10898,88,1,0.90,1,100.00,0,9,0,0,9,0.00,9.00,70.67
Giants,NYG,15,,WR,553388262,Wan'Dale Robinson,3,0,1924,17,1,2.80,2,100.00,0,19,0,2,28,1.00,14.00,38.00
Jaguars,JAX,16,,WR,553387225,Travis Hunter,0,0,10599,12,1,3.20,4,100.00,0,12,0,7,32,1.75,8.00,35.67
Jaguars,JAX,16,,WR,553388606,Brian Thomas Jr,1,0,10263,7,1,6.40,7,100.00,0,26,0,10,64,1.43,9.14,64.33
Jaguars,JAX,16,,WR,553386314,Dyami Brown,4,0,1349,5,1,19.70,6,100.00,0,53,2,28,77,4.67,12.83,35.00
Jaguars,JAX,16,,HB,553386749,Travis Etienne Jr,4,0,1365,1,1,4.30,4,100.00,0,14,0,46,43,11.50,10.75,16.67
Jaguars,JAX,16,,TE,553387881,Johnny Mundt,8,0,9248,86,1,1.00,1,100.00,0,10,0,4,10,4.00,10.00,3.33
Jaguars,JAX,16,,TE,553387117,Hunter Henry,9,0,8046,85,1,3.30,4,100.00,0,15,0,22,33,5.50,8.25,40.00
Jets,NYJ,17,,WR,553388427,Arian Smith,0,0,10734,82,1,7.90,6,100.00,0,20,0,22,79,3.67,13.17,37.00
Jets,NYJ,17,,TE,553388583,Mason Taylor,0,0,10750,85,1,3.10,3,60.00,2,21,0,11,31,3.67,10.33,22.33
Jets,NYJ,17,,HB,553386028,Braelon Allen,1,0,9996,0,1,6.60,1,100.00,0,6,1,0,6,0.00,6.00,2.00
Jets,NYJ,17,,HB,553387002,Breece Hall,3,0,1747,20,1,7.10,4,80.00,1,24,0,65,71,16.25,17.75,39.33
Jets,NYJ,17,,WR,553388921,Garrett Wilson,3,0,2040,5,1,6.00,5,100.00,0,29,0,12,60,2.40,12.00,40.67
Jets,NYJ,17,,TE,553388293,Jeremy Ruckert,3,0,1932,89,1,0.10,1,100.00,0,1,0,3,1,3.00,1.00,0.67
Jets,NYJ,17,,HB,553387120,Khalil Herbert,4,0,1245,36,1,1.40,1,100.00,0,14,0,10,14,10.00,14.00,4.67
Jets,NYJ,17,,WR,553387035,Mecole Hardman,6,0,9489,88,1,1.70,1,50.00,1,17,0,8,17,8.00,17.00,25.00
Jets,NYJ,17,,WR,553388202,Josh Reynolds,8,0,8700,83,1,0.30,1,100.00,0,3,0,4,3,4.00,3.00,15.00
Lions,DET,18,,WR,553388602,Isaac TeSlaa,0,0,10752,18,1,3.00,3,100.00,0,18,0,14,30,4.67,10.00,48.75
Lions,DET,18,,HB,553386903,Jahmyr Gibbs,2,0,2564,0,1,2.20,3,100.00,0,11,0,26,22,8.67,7.33,35.75
Lions,DET,18,,TE,553387532,Sam LaPorta,2,0,2286,87,1,8.40,8,88.89,1,21,0,27,84,3.38,10.50,62.00
Lions,DET,18,,WR,553388885,Jameson Williams,3,0,2033,1,1,13.80,8,88.89,1,21,1,23,78,2.88,9.75,42.25
Lions,DET,18,,WR,553388490,Amon-Ra St. Brown,4,0,1313,14,1,8.60,10,90.91,1,17,0,33,86,3.30,8.60,42.50
Lions,DET,18,,TE,553388985,Brock Wright,4,0,1102,89,1,1.80,1,100.00,0,18,0,4,18,4.00,18.00,13.50
Lions,DET,18,,WR,553388814,Justin Watson,7,0,9355,84,1,0.00,0,0.00,1,0,0,0,0,0.00,0.00,7.75
Lions,DET,18,,FB,553386366,Michael Burton,10,0,7034,20,1,0.00,0,0.00,1,0,0,0,0,0.00,0.00,2.25
Packers,GB,19,,WR,553386932,Matthew Golden,0,0,10562,0,1,2.20,3,100.00,0,11,0,5,22,1.67,7.33,51.33
Packers,GB,19,,WR,553388187,Jayden Reed,2,0,2365,11,1,5.70,3,100.00,0,42,0,19,57,6.33,19.00,57.67
Packers,GB,19,,TE,553387898,Luke Musgrave,2,0,2334,88,1,0.40,1,100.00,0,4,0,4,4,4.00,4.00,7.33
Packers,GB,19,,TE,553387501,Tucker Kraft,2,0,2279,85,1,2.70,4,100.00,0,8,0,12,27,3.00,6.75,29.00
Packers,GB,19,,TE,553386808,John FitzPatrick,3,0,2713,86,1,9.20,1,100.00,0,32,1,8,32,8.00,32.00,10.67
Packers,GB,19,,HB,553387286,Josh Jacobs,6,0,9520,8,1,2.50,3,100.00,0,12,0,23,25,7.67,8.33,25.33
Packers,GB,19,,WR,553387153,Tyreek Hill,9,0,8052,84,1,6.50,6,66.67,3,21,0,38,65,6.33,10.83,55.67
Panthers,CAR,20,,WR,553387188,Jimmy Horn Jr,0,0,10592,15,1,1.70,4,66.67,2,9,0,16,17,4.00,4.25,42.67
Panthers,CAR,20,,WR,553387760,Tetairoa McMillan,0,0,10657,4,1,6.90,4,100.00,0,26,0,31,69,7.75,17.25,41.67
Panthers,CAR,20,,TE,553388320,Ja'Tavion Sanders,1,0,10242,0,1,1.40,1,100.00,0,14,0,14,14,14.00,14.00,4.67
Panthers,CAR,20,,HB,553386293,Jonathon Brooks,1,0,10022,24,1,1.20,2,100.00,0,11,0,17,12,8.50,6.00,13.67
Panthers,CAR,20,,WR,553387559,Xavier Legette,1,0,10156,17,1,9.60,8,88.89,1,21,0,25,96,3.12,12.00,82.33
Panthers,CAR,20,,HB,553387203,Chuba Hubbard,4,0,1234,30,1,2.50,1,100.00,0,25,0,19,25,19.00,25.00,8.33
Panthers,CAR,20,,TE,553388682,Tommy Tremble,4,0,1376,82,1,3.60,4,80.00,1,16,0,22,36,5.50,9.00,39.33
Patriots,NE,21,,HB,553387109,TreVeyon Henderson,0,0,10584,32,1,-0.10,1,50.00,1,0,0,1,-1,1.00,-1.00,9.00
Patriots,NE,21,,TE,553388528,Brenton Strange,2,0,2415,85,1,13.20,8,100.00,0,33,1,43,72,5.38,9.00,59.67
Patriots,NE,21,,WR,553386664,DeMario Douglas,2,0,3083,3,1,18.30,10,90.91,1,28,1,37,123,3.70,12.30,67.67
Patriots,NE,21,,WR,553386246,Kayshon Boutte,2,0,1640,9,1,14.70,7,87.50,1,18,1,9,87,1.29,12.43,57.33
Patriots,NE,21,,HB,553386904,Antonio Gibson,5,0,297,4,1,0.50,1,100.00,0,5,0,2,5,2.00,5.00,7.33
Patriots,NE,21,,WR,553387174,Mack Hollins,8,0,8590,13,1,0.50,1,50.00,1,5,0,2,5,2.00,5.00,1.67
Patriots,NE,21,,WR,553386642,Stefon Diggs,10,0,7085,8,1,14.40,8,88.89,1,44,0,54,144,6.75,18.00,82.33
Raiders,LV,22,,HB,553387300,Ashton Jeanty,0,0,10611,2,1,2.90,4,100.00,0,12,0,52,29,13.00,7.25,21.75
Raiders,LV,22,,TE,553387597,Caleb Lohner,0,0,10933,84,1,2.00,2,100.00,0,11,0,8,20,4.00,10.00,6.67
Raiders,LV,22,,WR,553388638,Dont'e Thornton Jr.,0,0,10754,10,1,3.80,3,100.00,0,32,0,8,38,2.67,12.67,46.75
Raiders,LV,22,,WR,553386164,Jack Bech,0,0,10872,18,1,4.00,1,100.00,0,40,0,0,40,0.00,40.00,12.25
Raiders,LV,22,,TE,553386247,Brock Bowers,1,0,10018,89,1,1.90,4,66.67,2,7,0,4,19,1.00,4.75,30.50
Raiders,LV,22,,TE,553387688,Michael Mayer,2,0,2299,87,1,6.00,1,100.00,0,0,1,1,0,1.00,0.00,4.00
Raiders,LV,22,,WR,553388693,Tre Tucker,2,0,2436,1,1,8.30,7,87.50,1,34,0,33,83,4.71,11.86,36.00
Raiders,LV,22,,HB,553388855,Zamir White,3,0,2030,3,1,0.80,1,100.00,0,8,0,14,8,14.00,8.00,4.50
Raiders,LV,22,,WR,553387789,Jakobi Meyers,6,0,9570,16,1,9.50,4,100.00,0,53,0,15,95,3.75,23.75,74.75
Rams,LAR,23,,TE,553386796,Terrance Ferguson,0,0,10552,18,1,0.40,1,100.00,0,4,0,1,4,1.00,4.00,18.00
Rams,LAR,23,,HB,553386519,Blake Corum,1,0,10043,22,1,0.40,2,100.00,0,2,0,3,4,1.50,2.00,1.33
Rams,LAR,23,,WR,553387907,Puka Nacua,2,0,4785,12,1,12.00,7,87.50,1,26,1,14,60,2.00,8.57,36.33
Rams,LAR,23,,WR,553387367,Quentin Johnston,2,0,2241,83,1,4.90,4,66.67,2,18,0,16,49,4.00,12.25,51.33
Rams,LAR,23,,HB,553388893,Kyren Williams,3,0,2036,23,1,4.00,7,100.00,0,10,0,49,40,7.00,5.71,23.33
Rams,LAR,23,,WR,553386083,Tutu Atwell,4,0,1315,5,1,2.80,3,100.00,0,10,0,13,28,4.33,9.33,9.33
Rams,LAR,23,,TE,553387138,Tyler Higbee,9,0,8050,89,1,2.60,5,100.00,0,10,0,30,26,6.00,5.20,17.67
Rams,LAR,23,,WR,553385992,Davante Adams,11,0,6328,17,1,6.90,6,100.00,0,19,0,34,69,5.67,11.50,64.33
Ravens,BAL,24,,WR,553386817,Zay Flowers,2,0,2140,4,1,9.30,5,100.00,0,11,1,13,33,2.60,6.60,40.00
Ravens,BAL,24,,TE,553387581,Isaiah Likely,3,0,1807,80,1,0.80,2,100.00,0,6,0,6,8,3.00,4.00,12.00
Ravens,BAL,24,,WR,553386151,Rashod Bateman,4,0,1236,7,1,3.80,4,100.00,0,22,0,27,38,6.75,9.50,33.67
Ravens,BAL,24,,WR,553388779,Tylan Wallace,4,0,1237,16,1,3.90,2,100.00,0,30,0,19,39,9.50,19.50,16.67
Ravens,BAL,24,,TE,553386063,Mark Andrews,7,0,8802,89,1,8.90,2,66.67,1,16,1,3,29,1.50,14.50,45.00
Ravens,BAL,24,,HB,553387116,Derrick Henry,9,0,8045,22,1,1.90,3,100.00,0,12,0,27,19,9.00,6.33,13.67
Ravens,BAL,24,,WR,553387185,DeAndre Hopkins,12,0,5873,10,1,2.90,4,100.00,0,13,0,5,29,1.25,7.25,40.67
Saints,NO,26,,WR,553388650,Mason Tipton,1,0,10977,14,1,0.00,0,0.00,1,0,0,0,0,0.00,0.00,1.33
Saints,NO,26,,WR,553388032,Trey Palmer,2,0,2608,17,1,0.50,1,100.00,0,5,0,0,5,0.00,5.00,10.33
Saints,NO,26,,HB,553388241,Brian Robinson Jr,3,0,1918,3,1,0.80,1,100.00,0,8,0,3,8,3.00,8.00,7.67
Saints,NO,26,,WR,553387990,Chris Olave,3,0,1870,12,1,6.00,4,100.00,0,31,0,7,60,1.75,15.00,98.33
Saints,NO,26,,TE,553386178,Daniel Bellinger,3,0,1168,88,1,9.50,4,100.00,0,14,1,18,35,4.50,8.75,27.00
Saints,NO,26,,WR,553388364,Rashid Shaheed,3,0,4928,22,1,4.80,5,100.00,0,16,0,14,48,2.80,9.60,44.00
Saints,NO,26,,HB,553387437,Alvin Kamara,8,0,8617,41,1,0.80,2,100.00,0,5,0,20,8,10.00,4.00,18.67
Saints,NO,26,,WR,553386507,Brandin Cooks,11,0,6386,10,1,2.10,2,100.00,0,22,0,10,21,5.00,10.50,74.33
Seahawks,SEA,27,,TE,553386080,Elijah Arroyo,0,0,10479,18,1,10.30,5,100.00,0,44,0,36,103,7.20,20.60,49.50
Seahawks,SEA,27,,WR,553387193,Tory Horton,0,0,10594,15,1,3.10,3,100.00,0,15,0,5,31,1.67,10.33,24.00
Seahawks,SEA,27,,TE,553386127,A.J. Barner,1,0,10005,88,1,0.80,1,100.00,0,8,0,0,8,0.00,8.00,8.00
Seahawks,SEA,27,,WR,553386220,Jake Bobo,2,0,1628,19,1,6.50,1,100.00,0,5,1,1,5,1.00,5.00,5.50
Seahawks,SEA,27,,WR,553388463,Jaxon Smith-Njigba,2,0,2401,11,1,0.70,1,100.00,0,7,0,2,7,2.00,7.00,34.75
Seahawks,SEA,27,,HB,553388761,Kenneth Walker III,3,0,2005,9,1,4.20,4,100.00,0,16,0,28,42,7.00,10.50,24.50
Seahawks,SEA,27,,WR,553387510,Cooper Kupp,8,0,8626,10,1,7.40,2,66.67,1,11,1,2,14,1.00,7.00,59.00
Steelers,PIT,28,,WR,553388929,Roman Wilson,1,0,10303,10,1,2.20,2,100.00,0,14,0,7,22,3.50,11.00,47.33
Steelers,PIT,28,,WR,553386088,Calvin Austin,3,0,1150,19,1,20.50,7,100.00,0,73,1,66,145,9.43,20.71,85.33
Steelers,PIT,28,,HB,553388796,Jaylen Warren,3,0,2012,30,1,3.60,4,100.00,0,18,0,34,36,8.50,9.00,28.33
Steelers,PIT,28,,TE,553386856,Pat Freiermuth,4,0,1377,88,1,4.80,4,80.00,1,21,0,24,48,6.00,12.00,25.67
Steelers,PIT,28,,WR,553387784,D.K. Metcalf,6,0,9569,4,1,9.40,6,85.71,1,42,0,46,94,7.67,15.67,79.00
Steelers,PIT,28,,TE,553388442,Jonnu Smith,8,0,8731,81,1,0.80,1,100.00,0,8,0,4,8,4.00,8.00,5.00
Texans,HOU,31,,WR,553386620,Tank Dell,2,0,2090,3,1,17.80,10,100.00,0,55,1,15,118,1.50,11.80,63.00
Texans,HOU,31,,WR,553386488,Nico Collins,4,0,1148,12,1,4.10,5,100.00,0,16,0,15,41,3.00,8.20,63.00
Texans,HOU,31,,TE,553386340,Harrison Bryant,5,0,193,88,1,1.80,4,100.00,0,17,0,19,18,4.75,4.50,9.00
Texans,HOU,31,,FB,553387346,Jakob Johnson,6,0,393,43,1,-0.50,1,100.00,0,0,0,1,-5,1.00,-5.00,-1.67
Texans,HOU,31,,WR,553387480,Christian Kirk,7,0,8963,13,1,2.40,3,100.00,0,13,0,11,24,3.67,8.00,57.67
Texans,HOU,31,,TE,553388342,Dalton Schultz,7,0,9050,86,1,12.50,9,75.00,3,15,1,31,65,3.44,7.22,46.00
Texans,HOU,31,,HB,553386451,Nick Chubb,7,0,8846,21,1,0.70,1,100.00,0,7,0,2,7,2.00,7.00,2.33
Texans,HOU,31,,HB,553387825,Joe Mixon,8,0,9241,28,1,3.00,3,100.00,0,18,0,24,30,8.00,10.00,36.67
Titans,TEN,29,,WR,553386096,Elic Ayomanor,0,0,10481,5,1,0.10,1,100.00,0,1,0,2,1,2.00,1.00,0.33
Titans,TEN,29,,TE,553387980,Chigoziem Okonkwo,3,0,1869,85,1,4.40,5,83.33,1,18,0,8,44,1.60,8.80,31.00
Titans,TEN,29,,WR,553387307,Van Jefferson,5,0,386,11,1,0.00,0,0.00,1,0,0,0,0,0.00,0.00,0.00
Titans,TEN,29,,HB,553388118,Tony Pollard,6,0,9600,20,1,-0.40,3,100.00,0,0,0,11,-4,3.67,-1.33,20.00
Titans,TEN,29,,WR,553388223,Calvin Ridley,7,0,9038,0,1,16.40,5,100.00,0,57,1,50,104,10.00,20.80,50.33
Titans,TEN,29,,WR,553388464,JuJu Smith-Schuster,8,0,8729,9,1,4.30,3,75.00,1,21,0,9,43,3.00,14.33,50.33
Titans,TEN,29,,WR,553387594,Tyler Lockett,10,0,7214,4,1,7.20,5,83.33,1,34,0,5,72,1.00,14.40,35.00
Vikings,MIN,30,,WR,553386792,Tai Felton,0,0,10551,13,1,4.70,6,85.71,1,11,0,13,47,2.17,7.83,36.00
Vikings,MIN,30,,WR,553386000,Jordan Addison,2,0,813,3,1,12.70,8,100.00,0,30,0,51,127,6.38,15.88,87.67
Vikings,MIN,30,,HB,553387665,Jordan Mason,3,0,4679,27,1,2.40,1,100.00,0,24,0,24,24,24.00,24.00,10.67
Vikings,MIN,30,,WR,553387303,Justin Jefferson,5,0,385,18,1,1.10,1,50.00,1,11,0,8,11,8.00,11.00,32.67
Vikings,MIN,30,,TE,553387995,Josh Oliver,6,0,9590,84,1,2.00,3,100.00,0,9,0,12,20,4.00,6.67,6.67
Vikings,MIN,30,,TE,553387162,T.J. Hockenson,6,0,9503,87,1,11.10,4,100.00,0,20,1,22,51,5.50,12.75,73.33
Vikings,MIN,30,,HB,553387377,Aaron Jones Sr,8,0,8609,33,1,1.20,3,100.00,0,7,0,6,12,2.00,4.00,16.33
